,Id,SalePrice
0,1461,106251.76333094208
1,1462,120550.48146937852
2,1463,177591.8532974391
3,1464,191063.13932510326
4,1465,207688.00713460147
5,1466,168938.5728181108
6,1467,176193.07283683395
7,1468,157819.82617107
8,1469,209268.87133849796
9,1470,121814.58290137356
10,1471,147756.16201318335
11,1472,104681.46335287031
12,1473,94799.79249959125
13,1474,143629.0170455582
14,1475,102611.92035869625
15,1476,373775.66447940766
16,1477,262566.45639033493
17,1478,329985.94009160716
18,1479,321051.14217616245
19,1480,465548.3028166069
20,1481,311972.2021308477
21,1482,215461.452999754
22,1483,171569.2833823444
23,1484,165523.57535905612
24,1485,195457.35229630908
25,1486,188765.3913027842
26,1487,332281.5918474633
27,1488,219531.87098734512
28,1489,199561.3457967189
29,1490,249365.25093678606
30,1491,199301.54631842487
31,1492,105394.0234259098
32,1493,205043.62293631467
33,1494,317720.2485201078
34,1495,285513.7000176343
35,1496,242240.3257565986
36,1497,168713.3883050112
37,1498,181478.8938066314
38,1499,160584.42612251523
39,1500,153412.63704968453
40,1501,196910.8507819043
41,1502,136857.2474075948
42,1503,324355.57806757785
43,1504,237737.70517900877
44,1505,223526.56406613404
45,1506,187718.33716974128
46,1507,237989.38806278503
47,1508,188195.46889382007
48,1509,153193.30850782146
49,1510,146566.40427469125
50,1511,156518.06387414417
51,1512,161706.9404678318
52,1513,170081.33677428507
53,1514,154130.7498505626
54,1515,200507.61628547165
55,1516,158684.23300796945
56,1517,173189.66414811386
57,1518,119510.41032980802
58,1519,208840.70520973252
59,1520,117977.81374820194
60,1521,126676.53880580235
61,1522,187098.3528165719
62,1523,112004.13363078015
63,1524,117166.45877423778
64,1525,113666.28756197
65,1526,104683.32006923552
66,1527,105871.63788282871
67,1528,121044.78575948841
68,1529,153093.82826499816
69,1530,204399.00015409326
70,1531,146719.58301464282
71,1532,93463.48679775634
72,1533,155269.72926713387
73,1534,117473.8756511393
74,1535,136750.24118914874
75,1536,94598.0299795249
76,1537,44587.362257177825
77,1538,159747.73007034557
78,1539,208128.02415331837
79,1540,117386.77806158568
80,1541,136455.71931752132
81,1542,159824.96808184212
82,1543,172420.66240939358
83,1544,86849.86596614879
84,1545,116390.57110588817
85,1546,149985.25307261327
86,1547,136494.23147892393
87,1548,151964.6930350153
88,1549,132184.50305385777
89,1550,153554.55069633975
90,1551,97724.0869477517
91,1552,156505.91944818
92,1553,149618.55602107366
93,1554,117646.62910707365
94,1555,149321.00599899003
95,1556,70037.06455006951
96,1557,129006.03939479304
97,1558,108361.60256981052
98,1559,62702.220471741515
99,1560,128242.75043654203
100,1561,83616.1634568891
101,1562,126432.12081232993
102,1563,128287.04150303919
103,1564,155222.62840604852
104,1565,148020.58075882407
105,1566,226278.7920752113
106,1567,72023.0496390108
107,1568,227870.05263846042
108,1569,119750.07742549788
109,1570,132572.51757906488
110,1571,72244.20854005998
111,1572,136301.01253029448
112,1573,238125.98286821274
113,1574,141783.47754080629
114,1575,246682.9992921577
115,1576,231438.3705610187
116,1577,186906.94533091364
117,1578,154254.08176892286
118,1579,135477.73842828197
119,1580,195678.40616821905
120,1581,158673.98778899637
121,1582,141562.55845553748
122,1583,267958.78269131866
123,1584,219334.94216787582
124,1585,137296.13843260775
125,1586,75698.37751398515
126,1587,115306.1915735103
127,1588,157840.59540871246
128,1589,104735.627259453
129,1590,129448.58288958273
130,1591,84512.86124679819
131,1592,121901.3532839283
132,1593,147021.23615960497
133,1594,162142.35008243134
134,1595,119388.85929420416
135,1596,220719.16321037465
136,1597,213210.27843928267
137,1598,218927.45926680462
138,1599,182934.0014152401
139,1600,166261.1776205555
140,1601,49365.64523887751
141,1602,122297.24856914935
142,1603,53903.74617404514
143,1604,266305.358654117
144,1605,226611.72022658656
145,1606,156836.2966066149
146,1607,168482.00829873764
147,1608,212809.93372359464
148,1609,190329.27821597148
149,1610,156602.74884382018
150,1611,142106.9645734164
151,1612,181435.24551837053
152,1613,163924.0126622559
153,1614,145031.46075601608
154,1615,96945.7916378922
155,1616,69269.6974558807
156,1617,84391.82688607334
157,1618,139996.1351163907
158,1619,160855.55087606137
159,1620,173616.94714480347
160,1621,125241.98520703608
161,1622,152279.81495296222
162,1623,240727.21470709267
163,1624,194719.94543746288
164,1625,115076.41384534782
165,1626,174241.00402288244
166,1627,185346.64765665005
167,1628,276077.6623429456
168,1629,187290.25575794786
169,1630,349802.47713774873
170,1631,258928.18872467417
171,1632,248853.78403200314
172,1633,190572.5961635802
173,1634,185053.8825083822
174,1635,174932.58757856314
175,1636,146492.7405097552
176,1637,190779.1361610727
177,1638,174066.7007528057
178,1639,181784.78809945483
179,1640,237198.42122288025
180,1641,177125.70422486204
181,1642,258568.6497105098
182,1643,216976.94087940932
183,1644,234993.85186586226
184,1645,201989.52305322886
185,1646,159547.1254614165
186,1647,160263.119777716
187,1648,130766.54978335695
188,1649,133781.75152550067
189,1650,111006.82479955768
190,1651,114080.85192554776
191,1652,101263.84704969893
192,1653,98049.25215047784
193,1654,144039.34593107668
194,1655,121427.32672948879
195,1656,141417.83174549683
196,1657,155839.71040443168
197,1658,149658.58955658902
198,1659,127133.94893832237
199,1660,152230.15898435906
200,1661,429122.1402901384
201,1662,382182.52049889794
202,1663,382524.8414346269
203,1664,526259.069418338
204,1665,338578.70283414784
205,1666,314593.6989863897
206,1667,363219.06947409373
207,1668,365750.99074152985
208,1669,327886.130043188
209,1670,364537.56034566654
210,1671,267509.6052553628
211,1672,395538.4907020603
212,1673,296300.9391464691
213,1674,251933.5581873787
214,1675,204276.6485180587
215,1676,206783.0432749733
216,1677,215784.39322827267
217,1678,456451.4450684788
218,1679,382714.08591393725
219,1680,336161.9490533765
220,1681,286086.4690969953
221,1682,325743.24563279946
222,1683,196027.30907302047
223,1684,171114.53458404413
224,1685,172821.13405689306
225,1686,165898.27402519714
226,1687,168354.51762880548
227,1688,180937.71633375087
228,1689,187854.18287352944
229,1690,195582.53788866114
230,1691,187583.38473249716
231,1692,258688.65034014836
232,1693,182364.34349002945
233,1694,184634.86282480205
234,1695,178772.8605968582
235,1696,256540.7033526483
236,1697,187316.6790479042
237,1698,332393.51302853425
238,1699,343959.66616539034
239,1700,274297.18068550515
240,1701,285996.11982036417
241,1702,232408.55143488757
242,1703,231485.7498091301
243,1704,262723.95425991574
244,1705,254581.50710381847
245,1706,210362.0899459148
246,1707,227193.64067700313
247,1708,204028.5222895086
248,1709,245622.93914566562
249,1710,225650.84671390988
250,1711,274245.75880392967
251,1712,252060.40915096545
252,1713,277304.4666484253
253,1714,212556.20608012623
254,1715,210004.18655170163
255,1716,181294.01128876302
256,1717,180003.61492124456
257,1718,147880.24966534838
258,1719,224524.5767263841
259,1720,184776.60858764278
260,1721,150625.99863843585
261,1722,117101.4729677118
262,1723,150793.9340129709
263,1724,214271.8362139138
264,1725,242979.05434804142
265,1726,183293.1430953059
266,1727,151191.05732706515
267,1728,172790.73108587123
268,1729,183483.32825468888
269,1730,154317.55575706065
270,1731,116336.9832560161
271,1732,135505.00877075072
272,1733,110297.77172899304
273,1734,128288.53950467543
274,1735,104901.90265915723
275,1736,99224.30293238605
276,1737,277162.72444029694
277,1738,267786.15599235357
278,1739,254463.89287046588
279,1740,211836.29419895489
280,1741,187408.02784722543
281,1742,175081.7375647768
282,1743,168507.11297820543
283,1744,336384.61774954014
284,1745,218985.63660609582
285,1746,207709.15746904723
286,1747,219145.3685819985
287,1748,214778.46136820712
288,1749,131531.94664992095
289,1750,120206.97579471691
290,1751,226086.76957803208
291,1752,108530.82790958462
292,1753,154156.01273887965
293,1754,192060.43787534814
294,1755,164682.80840480735
295,1756,154407.97231042263
296,1757,121638.8772239819
297,1758,147923.06101385836
298,1759,156592.7290423913
299,1760,157014.37461867515
300,1761,144172.5623597504
301,1762,190169.4270283791
302,1763,195959.5270978826
303,1764,113823.81761983823
304,1765,164742.36603710678
305,1766,180941.62123514432
306,1767,207528.00285353645
307,1768,138183.36447981873
308,1769,164881.75534226757
309,1770,156165.80812474515
310,1771,122138.05309069768
311,1772,136258.55010138365
312,1773,118004.94035737659
313,1774,150593.4557591529
314,1775,149234.2606665535
315,1776,150734.05765282037
316,1777,109468.18826208648
317,1778,145056.14810885064
318,1779,130856.04600933718
319,1780,153593.63302643673
320,1781,125597.5071251549
321,1782,74261.12190901069
322,1783,142095.92826139543
323,1784,94660.612439321
324,1785,137560.95724337915
325,1786,102829.75166463316
326,1787,149818.54942543653
327,1788,34769.56145559822
328,1789,103931.03322320338
329,1790,72608.94695850543
330,1791,195078.63013034116
331,1792,158595.9302554577
332,1793,133460.03505048278
333,1794,164807.96794005606
334,1795,139896.80324670766
335,1796,166220.6163429499
336,1797,110663.8971442862
337,1798,124312.51854508225
338,1799,104470.18967797805
339,1800,128159.8446279603
340,1801,122316.16332692734
341,1802,108371.10693071142
342,1803,160200.86060050805
343,1804,120623.67107551976
344,1805,131686.19763052615
345,1806,124468.78075579013
346,1807,150753.8073860578
347,1808,120481.82594600489
348,1809,134532.10451611265
349,1810,144918.30077057792
350,1811,115255.2858097775
351,1812,107752.87735161517
352,1813,128679.87962325005
353,1814,107574.70137228578
354,1815,52980.81880828366
355,1816,85102.39172846358
356,1817,105834.70191344782
357,1818,162708.32796490204
358,1819,124600.57067851012
359,1820,18800.42872412037
360,1821,102442.22449332103
361,1822,156483.80467536935
362,1823,40445.43541644013
363,1824,136676.30012046586
364,1825,147911.00833881472
365,1826,94866.30642881943
366,1827,104841.01963001519
367,1828,143440.4226078221
368,1829,142115.94980125577
369,1830,152170.70649656514
370,1831,155396.7533192449
371,1832,2167.416409864207
372,1833,153160.76758683805
373,1834,112519.92124002613
374,1835,101266.05558224488
375,1836,128905.57232672791
376,1837,72986.70112091035
377,1838,110767.91792062763
378,1839,117348.73471682379
379,1840,168212.94274307846
380,1841,132105.6535336969
381,1842,70136.62052321224
382,1843,134628.62911088124
383,1844,166613.9707748989
384,1845,144297.35930463357
385,1846,153628.3980518587
386,1847,175890.97710689052
387,1848,29659.713253126945
388,1849,124315.74377171462
389,1850,118118.57506861456
390,1851,139918.28376823303
391,1852,123146.7961591821
392,1853,106518.90068835777
393,1854,161307.69107078633
394,1855,175326.63272377074
395,1856,220253.14789801423
396,1857,133479.7240302674
397,1858,148245.74286365556
398,1859,113029.85309573589
399,1860,151408.33774569456
400,1861,118723.36984022078
401,1862,311737.10741355945
402,1863,299692.60079649
403,1864,299712.821621137
404,1865,361085.1247157251
405,1866,344995.2676138067
406,1867,214452.02399949578
407,1868,280523.6259816082
408,1869,206956.95782752137
409,1870,218548.95554456313
410,1871,269848.6233696004
411,1872,174523.93894625816
412,1873,236440.57829956466
413,1874,145731.8337286889
414,1875,185876.8265550196
415,1876,200764.9826549656
416,1877,200269.62912502675
417,1878,198223.47547737218
418,1879,143240.53545426304
419,1880,133869.1941807355
420,1881,234197.24539119308
421,1882,231816.1923551783
422,1883,178585.29843940958
423,1884,201582.01825175318
424,1885,219815.60372372856
425,1886,282493.3861616537
426,1887,215415.34762433136
427,1888,247602.04267417022
428,1889,169637.1968873751
429,1890,93026.42263203143
430,1891,106770.99334017385
431,1892,106996.35078412917
432,1893,129183.50919777976
433,1894,116796.61646908202
434,1895,134775.93337125913
435,1896,130335.51578660263
436,1897,123425.80224509211
437,1898,101010.0693160803
438,1899,159594.3285394049
439,1900,162507.98498877027
440,1901,194632.82956967503
441,1902,178152.66603075637
442,1903,233032.9764332528
443,1904,165869.07037256582
444,1905,206265.19458495185
445,1906,155111.19302411086
446,1907,232587.09073918557
447,1908,106902.26175647054
448,1909,125052.02294234384
449,1910,118893.49553403346
450,1911,247916.914001777
451,1912,305524.6575784482
452,1913,155901.50140104652
453,1914,62600.62731361878
454,1915,343380.8496633878
455,1916,-9474.980253296555
456,1917,227767.13254759822
457,1918,137886.4951529613
458,1919,145993.3879944373
459,1920,155463.21128845378
460,1921,374607.3847139381
461,1922,343231.2224170096
462,1923,248828.263486913
463,1924,221258.8375529654
464,1925,205632.71535289253
465,1926,373342.02451876143
466,1927,122875.67065944459
467,1928,174372.24687711324
468,1929,112639.75557769655
469,1930,142207.93857186224
470,1931,108233.73956650833
471,1932,122989.0911084119
472,1933,179019.90785850416
473,1934,182963.36380089552
474,1935,168828.0048125101
475,1936,206760.22192878067
476,1937,180848.44324496435
477,1938,167652.49449001485
478,1939,276886.74989723146
479,1940,203964.89804206276
480,1941,166854.19061528437
481,1942,155671.38466519176
482,1943,242503.36573195225
483,1944,393232.97951372445
484,1945,419635.8750575177
485,1946,76514.37604607758
486,1947,157329.423830815
487,1948,178502.41064643837
488,1949,236205.50408457173
489,1950,182233.788605824
490,1951,236639.62854776112
491,1952,193283.85371156014
492,1953,181192.04919965536
493,1954,177864.1351332597
494,1955,131276.5248210032
495,1956,289127.39198790607
496,1957,150437.07513148262
497,1958,237067.4598743387
498,1959,134533.78591797117
499,1960,95572.3049692217
500,1961,127804.39818202099
501,1962,96808.7723942803
502,1963,107834.31972646073
503,1964,107967.1282714078
504,1965,128348.44449991279
505,1966,143934.35389601346
506,1967,317775.34702242044
507,1968,406654.8024925566
508,1969,395603.9274003532
509,1970,392328.1560708529
510,1971,451503.74695683975
511,1972,369596.46604907326
512,1973,308575.11689264514
513,1974,348750.35613922856
514,1975,586665.5569989679
515,1976,286193.8378059418
516,1977,365517.7850021642
517,1978,341625.2678283689
518,1979,324427.9258326566
519,1980,188460.57724668994
520,1981,350317.65293600026
521,1982,219084.3376913917
522,1983,208771.15985015733
523,1984,175719.59006975137
524,1985,227934.3240640805
525,1986,202981.1390523949
526,1987,205756.62990148173
527,1988,169759.57251848106
528,1989,190202.23977906012
529,1990,207263.42492563336
530,1991,232840.9516743407
531,1992,225406.47018718906
532,1993,166567.72402129555
533,1994,226822.23551492963
534,1995,181835.3222350129
535,1996,288715.5404109992
536,1997,328580.2578294423
537,1998,310329.3352502994
538,1999,319176.0112946043
539,2000,332797.64806232555
540,2001,307966.7658868338
541,2002,246276.40498624917
542,2003,240687.56668438308
543,2004,284283.09506436257
544,2005,228967.17803352606
545,2006,228908.78287846077
546,2007,245764.05091106344
547,2008,243309.68225624372
548,2009,206629.28353159036
549,2010,192559.36331877904
550,2011,135532.53669649945
551,2012,182475.94774728187
552,2013,180245.91815753863
553,2014,186192.52153110714
554,2015,223592.60281723115
555,2016,196979.07317599235
556,2017,202398.71246807394
557,2018,95289.30202250683
558,2019,128483.1060203648
559,2020,69603.62001783005
560,2021,93567.06233379297
561,2022,208626.6499590259
562,2023,133539.13788654178
563,2024,297311.49313950294
564,2025,355047.01916233567
565,2026,175954.4360924454
566,2027,159610.25124850532
567,2028,155340.76511366374
568,2029,175670.6521407041
569,2030,256753.8355461459
570,2031,229886.59187568887
571,2032,256107.07813225954
572,2033,245878.37920209242
573,2034,185501.92265274283
574,2035,239486.85184235452
575,2036,200335.49173751473
576,2037,221718.80419728003
577,2038,325669.6018775662
578,2039,235446.78352624027
579,2040,328236.1540266847
580,2041,294838.2193831701
581,2042,213044.7984341475
582,2043,179639.1815525695
583,2044,169739.8006013453
584,2045,206151.18712058786
585,2046,156827.66897046828
586,2047,137855.49652437982
587,2048,143490.93670133082
588,2049,132286.9844581458
589,2050,161911.11404156487
590,2051,90644.96606058622
591,2052,119936.3798207104
592,2053,145359.75449283078
593,2054,97347.48264300474
594,2055,176353.99929002923
595,2056,140157.02172712865
596,2057,92290.59161739884
597,2058,207021.47927924426
598,2059,118616.12063622836
599,2060,172360.3719826768
600,2061,167396.63448180992
601,2062,123812.86386481451
602,2063,125291.39035537356
603,2064,130359.29523514386
604,2065,114409.95157300966
605,2066,180590.91620530974
606,2067,118765.3626053189
607,2068,149570.5916971839
608,2069,64465.59518064349
609,2070,108704.01959155081
610,2071,99148.68505668407
611,2072,136121.83393575816
612,2073,119904.7589185416
613,2074,139246.35294593585
614,2075,173371.24144916504
615,2076,126253.68217721733
616,2077,156408.8061770982
617,2078,128672.3389477944
618,2079,127953.28080914129
619,2080,120946.74637601658
620,2081,128982.84995030111
621,2082,122534.80082784791
622,2083,159128.17941167508
623,2084,112925.88693249598
624,2085,114885.2180397521
625,2086,108241.69090572733
626,2087,110269.37693704141
627,2088,99087.44525466883
628,2089,80473.44881737477
629,2090,107269.31875151827
630,2091,107154.84190975106
631,2092,142824.79582116322
632,2093,141822.41944946034
633,2094,105227.84644207772
634,2095,172891.2673561509
635,2096,90327.86007556581
636,2097,96824.7754769724
637,2098,181665.7987490936
638,2099,34673.1749109528
639,2100,53436.6636684885
640,2101,114917.69767459016
641,2102,118224.30069089314
642,2103,105148.33468020358
643,2104,154490.03327341308
644,2105,140759.880791965
645,2106,59656.80595257017
646,2107,199979.66207711358
647,2108,120395.46109838178
648,2109,113471.47617738892
649,2110,109844.76727068087
650,2111,151296.46015124256
651,2112,149388.76512304478
652,2113,119102.81952079298
653,2114,119972.84487104253
654,2115,161664.15696455876
655,2116,122662.86906850536
656,2117,143117.79300502886
657,2118,133356.4211966003
658,2119,114517.05212638783
659,2120,103301.61206185556
660,2121,82825.84277681506
661,2122,124770.04521735897
662,2123,99301.9152813637
663,2124,175769.48163257499
664,2125,126315.88198500371
665,2126,162937.91705361952
666,2127,218872.52395231416
667,2128,137162.74234277138
668,2129,48510.73059950024
669,2130,143463.77675121394
670,2131,106988.5168660538
671,2132,118971.3893992462
672,2133,134769.6203662178
673,2134,111367.22863534413
674,2135,105434.22218415159
675,2136,61981.58201577305
676,2137,102936.7274425556
677,2138,124400.36396569171
678,2139,140890.79990528896
679,2140,140327.08297419443
680,2141,188842.85739764402
681,2142,131924.2077141797
682,2143,156102.40760554816
683,2144,121427.06513382355
684,2145,141772.74913481122
685,2146,192152.7454701491
686,2147,171666.91817120847
687,2148,122752.26056950778
688,2149,134042.16853913845
689,2150,242825.77853416547
690,2151,129308.0391065916
691,2152,179599.46944006364
692,2153,178103.69576083956
693,2154,101795.73721436894
694,2155,139674.26534212782
695,2156,239565.04748860863
696,2157,226137.93618775345
697,2158,250210.1307998713
698,2159,231972.29069310194
699,2160,187938.96912356332
700,2161,226562.17677253718
701,2162,353730.7754834767
702,2163,356544.64891318517
703,2164,254274.68295627844
704,2165,227998.84478206153
705,2166,164777.87554149143
706,2167,224605.2757673153
707,2168,194582.94482436788
708,2169,191468.5177669943
709,2170,221909.2438041218
710,2171,160399.9345268351
711,2172,138611.01397394802
712,2173,203415.8222147792
713,2174,217552.49814481335
714,2175,268045.61572757724
715,2176,307187.1519904018
716,2177,237340.62638234755
717,2178,207590.9748502702
718,2179,131360.75632624736
719,2180,212428.60359310976
720,2181,197729.78594331793
721,2182,223137.49943541037
722,2183,194316.33570609672
723,2184,120136.93265969394
724,2185,111678.37670393416
725,2186,151372.7517217131
726,2187,159120.0995867328
727,2188,162867.17112052493
728,2189,299531.42746593815
729,2190,82874.05013249104
730,2191,50638.95921952161
731,2192,96503.70479553292
732,2193,132864.14511586062
733,2194,87580.15451281099
734,2195,38251.77395900409
735,2196,115799.165016126
736,2197,112363.7301221866
737,2198,165747.8147014561
738,2199,166421.90360841365
739,2200,154562.80615731864
740,2201,159157.5849396409
741,2202,191102.62836913188
742,2203,149503.65565192653
743,2204,193059.628488336
744,2205,139360.6282089582
745,2206,160646.6928001701
746,2207,220558.9996179141
747,2208,260309.22927638947
748,2209,263688.18687116326
749,2210,124972.90789798216
750,2211,139288.11095504602
751,2212,126771.67507159931
752,2213,110768.96123899432
753,2214,162337.8231489276
754,2215,107530.5043509308
755,2216,156049.05714077747
756,2217,53943.614214607514
757,2218,56568.421699719736
758,2219,34633.494270758005
759,2220,-2179.810767241637
760,2221,343888.2975266575
761,2222,300638.6526298708
762,2223,280459.4905021534
763,2224,207964.88061377965
764,2225,125743.4858451658
765,2226,176105.18150273676
766,2227,192376.08327320998
767,2228,285782.8420854276
768,2229,244417.182207002
769,2230,167312.64542760258
770,2231,217452.67716466106
771,2232,182508.88587162993
772,2233,186861.26058675128
773,2234,249427.9987120116
774,2235,231176.24463654764
775,2236,242575.25274083682
776,2237,297182.7515218186
777,2238,206354.0091620466
778,2239,115254.18112930178
779,2240,148510.71774562658
780,2241,125254.82753720059
781,2242,123361.01041034434
782,2243,122287.0543746734
783,2244,100375.71116123523
784,2245,130595.62645807321
785,2246,138998.00254837947
786,2247,133660.02830603276
787,2248,129640.02601745137
788,2249,113758.7557649106
789,2250,127616.9981631008
790,2251,100453.90287733311
791,2252,189565.09257718467
792,2253,168691.97922871786
793,2254,195616.89234652085
794,2255,187075.9317446868
795,2256,171840.17046374164
796,2257,213986.9673313863
797,2258,150301.70804302837
798,2259,180388.91172214795
799,2260,138126.06593630102
800,2261,235293.2896176261
801,2262,242050.58596126223
802,2263,390463.9030452904
803,2264,459508.93109077413
804,2265,156370.05606601422
805,2266,325113.4390309639
806,2267,377084.41210082936
807,2268,501615.143457612
808,2269,152666.98799209855
809,2270,185278.05029328796
810,2271,206068.86238343036
811,2272,190348.43064959615
812,2273,150551.38946585305
813,2274,181412.14820045058
814,2275,151046.26869699825
815,2276,208386.7145138256
816,2277,175192.27199888194
817,2278,155402.57516836916
818,2279,152092.78369994822
819,2280,107090.35198491957
820,2281,140348.7850562958
821,2282,151168.8092379931
822,2283,116221.90758878819
823,2284,123652.48861320142
824,2285,148139.12502363417
825,2286,117756.08477985114
826,2287,394280.8561149215
827,2288,302513.73853948474
828,2289,342238.8427077828
829,2290,431857.93534538825
830,2291,360877.1141531146
831,2292,418265.94284480665
832,2293,449261.74993271264
833,2294,394485.76611961744
834,2295,459294.3282239394
835,2296,271765.56237139524
836,2297,393147.6722899521
837,2298,381553.19344275
838,2299,348636.1261898909
839,2300,331650.72191539744
840,2301,353046.94950993394
841,2302,261678.1408530617
842,2303,256729.1138677711
843,2304,258220.14958063344
844,2305,211528.61914121412
845,2306,199955.71035572025
846,2307,210477.9691687317
847,2308,238928.17254619877
848,2309,307206.22767547227
849,2310,222701.9158760482
850,2311,209758.57323711866
851,2312,182305.86425360054
852,2313,168136.00915914145
853,2314,184044.1174415517
854,2315,182082.88715770672
855,2316,206487.1942279812
856,2317,198996.01181892148
857,2318,184277.79901872523
858,2319,189965.12128720613
859,2320,182273.2764478607
860,2321,238877.35821731994
861,2322,203769.12764576223
862,2323,205669.84348221065
863,2324,194749.36693957285
864,2325,207486.9601113457
865,2326,183524.9339196902
866,2327,195127.0087838642
867,2328,221029.29464078392
868,2329,190667.2508692043
869,2330,180834.23270529904
870,2331,331658.4537029229
871,2332,395936.9538686772
872,2333,325115.02453019295
873,2334,284027.70646266267
874,2335,307933.4376779485
875,2336,315084.2974396857
876,2337,198524.58052042982
877,2338,247806.7947510741
878,2339,222315.03064115148
879,2340,387287.5207174213
880,2341,203386.624843802
881,2342,230195.0096144611
882,2343,222124.7677156349
883,2344,221864.85573154408
884,2345,220345.70753829414
885,2346,223294.3602499498
886,2347,208118.67992364318
887,2348,254741.4040230937
888,2349,202181.73569371953
889,2350,309575.9343928907
890,2351,287871.69568834204
891,2352,244959.34029273596
892,2353,252092.98764268856
893,2354,166056.52535633417
894,2355,153132.59464465216
895,2356,143948.90901975334
896,2357,189128.16370508494
897,2358,197930.3260645856
898,2359,125554.54686857533
899,2360,118909.24777747435
900,2361,153064.0188640108
901,2362,246634.59875681717
902,2363,145961.41984127788
903,2364,159625.12595443742
904,2365,200857.03683885187
905,2366,197576.74023960106
906,2367,219463.56315382553
907,2368,221451.59262120066
908,2369,203519.70134419674
909,2370,172463.46658489306
910,2371,161202.4036603584
911,2372,200746.0409105951
912,2373,293060.39131041477
913,2374,302966.04406640166
914,2375,225993.23086081282
915,2376,284826.0805492628
916,2377,314021.33624987025
917,2378,161716.22103567567
918,2379,225102.171246505
919,2380,143053.06697649928
920,2381,161153.06983238354
921,2382,202827.982317406
922,2383,186647.71973901906
923,2384,226153.22819399543
924,2385,155704.4390712945
925,2386,129688.07225456275
926,2387,127230.77841103869
927,2388,110221.31564721139
928,2389,109204.01337189629
929,2390,172146.52967362426
930,2391,141498.09643405187
931,2392,121935.18584294745
932,2393,183428.3433967725
933,2394,150708.54791830515
934,2395,209366.71132473304
935,2396,137767.96248361637
936,2397,202924.55918341212
937,2398,128050.85561731592
938,2399,74596.6476972294
939,2400,73740.0079014441
940,2401,147834.3028615528
941,2402,135888.85829195153
942,2403,148244.6524676258
943,2404,162501.00331842585
944,2405,148896.61385769327
945,2406,146125.02459790674
946,2407,120924.33199620084
947,2408,130128.59171170753
948,2409,105941.11902984628
949,2410,174981.62104731263
950,2411,118225.39401227824
951,2412,161938.8345304
952,2413,127400.70765400771
953,2414,163540.66307400505
954,2415,134931.54939385853
955,2416,137431.13577979594
956,2417,146662.07852188585
957,2418,139277.40328652412
958,2419,123197.50990941259
959,2420,122852.2326778273
960,2421,158958.45835296356
961,2422,104614.15659372893
962,2423,116479.02611421532
963,2424,126405.54715808801
964,2425,204049.34342163405
965,2426,136950.61446027702
966,2427,130912.22516328981
967,2428,196614.92078376975
968,2429,101923.9135967365
969,2430,127733.15590348828
970,2431,101518.44388292893
971,2432,156413.71782153792
972,2433,155998.22671115748
973,2434,146718.6921033298
974,2435,160421.56910831766
975,2436,105202.73678284441
976,2437,101986.05994474085
977,2438,117432.88418355084
978,2439,83507.1804753918
979,2440,134881.80435256078
980,2441,99602.79238117108
981,2442,92065.51002989244
982,2443,149844.28504881368
983,2444,111244.35499541572
984,2445,80161.21198340715
985,2446,130276.41693770717
986,2447,190132.51389380026
987,2448,138121.83710279968
988,2449,119289.99856064247
989,2450,160056.34487057803
990,2451,96764.47341386817
991,2452,203717.35923409433
992,2453,93677.26040085289
993,2454,113469.92745059833
994,2455,122430.8003667132
995,2456,159199.97185011476
996,2457,159254.747691789
997,2458,146256.1600130066
998,2459,123263.62737550872
999,2460,154523.89525327133
1000,2461,137709.2913756541
1001,2462,122673.45047512674
1002,2463,138975.41286025872
1003,2464,187376.436092448
1004,2465,132711.49400831276
1005,2466,115651.78954101494
1006,2467,117158.12924418214
1007,2468,97928.68331525795
1008,2469,87507.83530527871
1009,2470,217405.07446515083
1010,2471,211128.34923687484
1011,2472,176439.420910532
1012,2473,121488.21812886791
1013,2474,56928.16464638384
1014,2475,205304.5574823845
1015,2476,120968.99039906781
1016,2477,109626.65903251217
1017,2478,139548.77482019423
1018,2479,97884.8928923023
1019,2480,170462.86658551102
1020,2481,132621.5612150593
1021,2482,98727.98415773152
1022,2483,103387.79932201584
1023,2484,133065.9193323889
1024,2485,132122.36457244802
1025,2486,152857.55362395023
1026,2487,200864.78513061203
1027,2488,169745.8932774929
1028,2489,160581.933374058
1029,2490,157261.97020724637
1030,2491,80961.78418798861
1031,2492,180369.34122770396
1032,2493,155198.5333310176
1033,2494,161084.35228494956
1034,2495,79972.9906518315
1035,2496,222104.8534773282
1036,2497,156632.3666604181
1037,2498,123126.392832755
1038,2499,73596.73536490707
1039,2500,110730.27520155709
1040,2501,139295.3684782749
1041,2502,139821.39100929094
1042,2503,115489.67311487754
1043,2504,220929.07270412444
1044,2505,238242.4756612258
1045,2506,250986.8874034703
1046,2507,269770.5314445312
1047,2508,246279.30558738095
1048,2509,214800.18170431664
1049,2510,208586.5561876112
1050,2511,177315.19868578576
1051,2512,215957.37708651565
1052,2513,210494.96021249238
1053,2514,329811.53951151774
1054,2515,163525.73564357695
1055,2516,175409.47907055577
1056,2517,150551.3545054897
1057,2518,146782.03773281502
1058,2519,250998.89452845196
1059,2520,224635.82230479817
1060,2521,186250.43555513932
1061,2522,222324.94905040076
1062,2523,113325.3849197682
1063,2524,145673.73845148017
1064,2525,161907.82264172094
1065,2526,164414.0117397906
1066,2527,132241.51719191758
1067,2528,165931.15901841945
1068,2529,64586.83882808278
1069,2530,139648.31191713014
1070,2531,260530.2277900728
1071,2532,218424.63909228588
1072,2533,198103.51332940673
1073,2534,253978.43243036524
1074,2535,267768.2398402296
1075,2536,211919.41319680365
1076,2537,256444.4304439493
1077,2538,187852.4435535189
1078,2539,187715.67011888418
1079,2540,188430.44168505404
1080,2541,177113.53544596373
1081,2542,164614.43135502958
1082,2543,101426.51960765122
1083,2544,114857.86273373681
1084,2545,134300.4557897764
1085,2546,120724.55824127601
1086,2547,151962.53605041862
1087,2548,173461.2391753873
1088,2549,150256.54920265859
1089,2550,654428.4525368331
1090,2551,140376.18785175448
1091,2552,129963.5855878914
1092,2553,72407.44980293117
1093,2554,86885.7565271724
1094,2555,101032.39795266162
1095,2556,91472.99945022637
1096,2557,100682.76530279592
1097,2558,178683.39658781711
1098,2559,155793.66046850715
1099,2560,176415.98694488924
1100,2561,165924.95851538534
1101,2562,180453.93649462267
1102,2563,164812.05550629128
1103,2564,202283.75601458352
1104,2565,167714.01700467465
1105,2566,175016.46639276017
1106,2567,150921.14045075892
1107,2568,223092.29178708198
1108,2569,249691.1790494902
1109,2570,115495.89967980905
1110,2571,197379.75259282638
1111,2572,160026.02739586565
1112,2573,234198.8903808777
1113,2574,418176.7617069711
1114,2575,143988.12255444453
1115,2576,158868.46919518383
1116,2577,192174.35833600978
1117,2578,55186.52859686746
1118,2579,35969.059254163294
1119,2580,86006.49957245344
1120,2581,114071.18040217774
1121,2582,118298.50161703664
1122,2583,279365.9671856128
1123,2584,168689.26899294514
1124,2585,181509.46719557117
1125,2586,207402.66550493578
1126,2587,203546.01848841703
1127,2588,163805.0907050016
1128,2589,153131.217831956
1129,2590,195945.4361870027
1130,2591,239030.17170518672
1131,2592,216861.1344485741
1132,2593,249772.95701319532
1133,2594,193568.29343880143
1134,2595,223688.59347246017
1135,2596,284013.4294171883
1136,2597,205020.3554752753
1137,2598,281853.2632485012
1138,2599,414366.14129506674
1139,2600,188392.26717068022
1140,2601,130669.8613989033
1141,2602,71685.60120164452
1142,2603,99384.93557583436
1143,2604,88766.39099030138
1144,2605,66364.85485429771
1145,2606,132463.9694225954
1146,2607,220635.5037777138
1147,2608,190455.66128370241
1148,2609,157126.06061253545
1149,2610,109347.00813417794
1150,2611,169271.44334498892
1151,2612,154969.270118014
1152,2613,125105.89249744784
1153,2614,120920.02403653983
1154,2615,163032.29130267806
1155,2616,151159.50169392233
1156,2617,202316.63100918615
1157,2618,226554.32337224344
1158,2619,205217.67907864903
1159,2620,195490.30941444822
1160,2621,176613.6602397454
1161,2622,180316.09690914128
1162,2623,229353.9235728283
1163,2624,284626.2498488188
1164,2625,288965.88896962744
1165,2626,173705.09970950772
1166,2627,191273.9662737511
1167,2628,470159.5665685965
1168,2629,508649.63585644215
1169,2630,399536.6903049548
1170,2631,466939.3067802882
1171,2632,423939.4968957031
1172,2633,316288.0605450381
1173,2634,428090.24424806365
1174,2635,132819.70770258654
1175,2636,169740.4651366577
1176,2637,192900.51784015587
1177,2638,266583.35699142824
1178,2639,197089.89683057752
1179,2640,149792.9813155685
1180,2641,102531.85551626491
1181,2642,154151.14717102237
1182,2643,112290.02162416885
1183,2644,106100.4288129753
1184,2645,112332.15186578373
1185,2646,97779.33175808785
1186,2647,103385.73651784286
1187,2648,148902.23168597382
1188,2649,152614.87054894213
1189,2650,135236.48423386924
1190,2651,137613.7598790205
1191,2652,380791.3331510363
1192,2653,262194.3458134538
1193,2654,282476.5779145845
1194,2655,413109.1981816283
1195,2656,340325.54014684114
1196,2657,364326.8909695892
1197,2658,336991.54272395285
1198,2659,338476.92309101595
1199,2660,365411.14797504304
1200,2661,368679.9104399757
1201,2662,392403.06154551025
1202,2663,282509.1063103096
1203,2664,303860.7051355118
1204,2665,340553.5099546031
1205,2666,300026.3866786202
1206,2667,183471.9079321621
1207,2668,188852.67850343283
1208,2669,188555.74192681367
1209,2670,267308.11794433015
1210,2671,191561.17447082425
1211,2672,196732.2854974806
1212,2673,196098.5609491181
1213,2674,193731.60313518927
1214,2675,194584.21297384478
1215,2676,189688.03351772577
1216,2677,205036.52125164168
1217,2678,234405.35081927554
1218,2679,288172.4962618918
1219,2680,299952.02290659957
1220,2681,414656.1269896749
1221,2682,321646.5165060485
1222,2683,495351.38226297795
1223,2684,333441.00739752053
1224,2685,353354.5147042661
1225,2686,246223.91888905567
1226,2687,290242.1693825748
1227,2688,213737.76401959528
1228,2689,221237.95780536643
1229,2690,368390.7593576033
1230,2691,197950.90540676564
1231,2692,165260.78759663872
1232,2693,205633.27350969712
1233,2694,144129.41918264207
1234,2695,200660.6757180919
1235,2696,184403.29446028685
1236,2697,184876.22401371738
1237,2698,213411.94041403662
1238,2699,160909.28772059915
1239,2700,145005.69160423963
1240,2701,142574.84999408526
1241,2702,96740.19156670815
1242,2703,122043.42627223732
1243,2704,145420.96263485734
1244,2705,110209.09505806182
1245,2706,88047.44588443637
1246,2707,109039.01213673141
1247,2708,143944.96095417993
1248,2709,117878.39483261638
1249,2710,145184.02130890172
1250,2711,208800.563128741
1251,2712,408775.52234527364
1252,2713,162736.65107793233
1253,2714,143990.59927487746
1254,2715,175415.86317915912
1255,2716,130313.15284082969
1256,2717,188007.21625649102
1257,2718,220467.46156802063
1258,2719,154993.1606070712
1259,2720,169090.09457404935
1260,2721,127819.02273293375
1261,2722,150811.57315844303
1262,2723,135784.14771110343
1263,2724,120485.75658404967
1264,2725,130795.63341163285
1265,2726,139894.60366864514
1266,2727,163815.82191701652
1267,2728,186009.4060946697
1268,2729,150790.44445259217
1269,2730,144740.92676525988
1270,2731,135663.43135886797
1271,2732,142795.17058178916
1272,2733,150320.80694011447
1273,2734,107044.20619633695
1274,2735,140625.17993845674
1275,2736,133316.15380014334
1276,2737,124343.84772922326
1277,2738,133869.38479747053
1278,2739,151651.73857724166
1279,2740,142059.5389278871
1280,2741,138542.13225098723
1281,2742,168709.15786649135
1282,2743,162488.3626698035
1283,2744,163038.87951246754
1284,2745,138098.31579629623
1285,2746,144082.50612994836
1286,2747,165144.0162140563
1287,2748,125353.4932817397
1288,2749,132394.92390014697
1289,2750,114289.47529366298
1290,2751,137778.43134763325
1291,2752,183611.34644621168
1292,2753,157483.43867735873
1293,2754,215389.79137289478
1294,2755,147667.66971934692
1295,2756,88159.46608506108
1296,2757,66705.96845398098
1297,2758,80188.96915492229
1298,2759,169606.10093386052
1299,2760,128482.71814044681
1300,2761,144480.62171154865
1301,2762,132542.2503855616
1302,2763,186729.40836948983
1303,2764,144843.12618282437
1304,2765,281204.7024270422
1305,2766,114390.95022837352
1306,2767,83319.89216024335
1307,2768,130507.33157002134
1308,2769,143515.7693333003
1309,2770,136935.5209443001
1310,2771,91728.06018053152
1311,2772,95512.05917616916
1312,2773,185230.52495312516
1313,2774,160328.41680685466
1314,2775,117703.48612258572
1315,2776,154136.89506344183
1316,2777,173159.37281190942
1317,2778,117036.83182577888
1318,2779,126502.53085850197
1319,2780,97915.74711697776
1320,2781,84341.56564328738
1321,2782,98702.20899766916
1322,2783,104087.09169294988
1323,2784,131060.58937031613
1324,2785,138738.17157600314
1325,2786,58802.136657722294
1326,2787,121802.5110262789
1327,2788,68017.7754818846
1328,2789,165133.22528188798
1329,2790,99482.13125876302
1330,2791,58503.244776718086
1331,2792,81561.48440809641
1332,2793,131955.15358732035
1333,2794,107210.08484138048
1334,2795,120962.26765407226
1335,2796,103408.56492388237
1336,2797,217633.79997245024
1337,2798,110190.98134438565
1338,2799,111755.34811978549
1339,2800,71566.79257602361
1340,2801,125853.39048396528
1341,2802,128845.58720780542
1342,2803,177490.89864068967
1343,2804,118398.43043795734
1344,2805,98374.06353687053
1345,2806,76197.8556519323
1346,2807,204909.03456868138
1347,2808,162404.28964169289
1348,2809,125023.30838447559
1349,2810,127059.87254194118
1350,2811,170604.99392076308
1351,2812,184545.93538520427
1352,2813,153330.70006349764
1353,2814,154428.5488628915
1354,2815,115631.73410605814
1355,2816,163657.91880132118
1356,2817,168461.2485744109
1357,2818,122723.0357451003
1358,2819,178387.07920488145
1359,2820,140849.52861236758
1360,2821,121708.66232664662
1361,2822,168533.13369377673
1362,2823,305437.05746133253
1363,2824,184715.87610347063
1364,2825,138048.4920288832
1365,2826,136218.23960490816
1366,2827,127771.98584088706
1367,2828,235112.833586281
1368,2829,224260.8729943809
1369,2830,217734.3532998992
1370,2831,186661.996988973
1371,2832,236427.46620710084
1372,2833,322195.0575607642
1373,2834,234583.89331970707
1374,2835,231734.93814513134
1375,2836,195148.2898831619
1376,2837,163974.29628836445
1377,2838,146711.41455062514
1378,2839,170092.98356754403
1379,2840,213167.2971002102
1380,2841,203008.93336682534
1381,2842,223663.2777341908
1382,2843,152358.47123044147
1383,2844,180837.20234548487
1384,2845,132503.0006075147
1385,2846,209830.42717352428
1386,2847,220251.55591104832
1387,2848,198373.79823275458
1388,2849,197488.70400537516
1389,2850,269282.5473487198
1390,2851,205205.27788143954
1391,2852,229017.00218109274
1392,2853,227975.32404798095
1393,2854,139607.5088274437
1394,2855,204024.4762798678
1395,2856,199691.22805640142
1396,2857,190837.4228073127
1397,2858,210245.27762599563
1398,2859,81409.33333560452
1399,2860,158546.6145041322
1400,2861,115128.02182193263
1401,2862,166186.01396078267
1402,2863,138952.12427555886
1403,2864,258881.56746603368
1404,2865,144332.65829737642
1405,2866,126655.85979147465
1406,2867,100069.80572765681
1407,2868,79991.10044309811
1408,2869,75079.36072146439
1409,2870,99861.80540180887
1410,2871,59577.53275242273
1411,2872,42177.09175756399
1412,2873,87870.04250799003
1413,2874,144778.62886610505
1414,2875,114630.25467005419
1415,2876,153452.1864571544
1416,2877,159633.56007939053
1417,2878,137242.3985763447
1418,2879,143982.3647453395
1419,2880,111285.86025093391
1420,2881,143797.0601174099
1421,2882,198847.76385173877
1422,2883,213503.96741543047
1423,2884,189659.0190220002
1424,2885,187973.0394496846
1425,2886,246749.90837160347
1426,2887,99514.18406962766
1427,2888,156008.54852249258
1428,2889,40072.0204193095
1429,2890,82063.29413874377
1430,2891,149821.64596740494
1431,2892,3755.721665243269
1432,2893,65660.79325988737
1433,2894,4180.681537014432
1434,2895,343663.8575612604
1435,2896,284498.4251225428
1436,2897,223512.3820203325
1437,2898,132555.13350545638
1438,2899,210961.60197378532
1439,2900,168154.73162183433
1440,2901,184302.27128602995
1441,2902,173976.21996685432
1442,2903,309384.94010558975
1443,2904,352075.36781911156
1444,2905,72618.09673618549
1445,2906,200325.76357890293
1446,2907,102672.54857444111
1447,2908,123316.4145836063
1448,2909,136252.75257187395
1449,2910,75462.25795673975
1450,2911,77738.47430255241
1451,2912,159814.80976440362
1452,2913,75000.96047420707
1453,2914,65086.55273379537
1454,2915,80982.030574259
1455,2916,83319.98256590555
1456,2917,168937.69643665373
1457,2918,109793.619000506
1458,2919,224733.1763746941
